{"n_steps": 256, "gamma": 0.9821379366600202, "learning_rate": 0.00012374875843594707, "ent_coef": 0.06024538498495277, "vf_coef": 0.7658694050770743, "max_grad_norm": 0.49265297257875124}